{"id":"1234","left_elbow_angle":10.280928476966784,"right_elbow_angle":14.914231064821804,"left_arm_angle":26.4156214559546,"right_arm_angle":24.467212569469798}