{"id":"1","left_elbow_angle":45.748636042140575,"right_elbow_angle":22.30652853432412,"left_arm_angle":3.4914829005851606,"right_arm_angle":13.685935559106818}