{"id":"3","left_elbow_angle":18.278931182217594,"right_elbow_angle":11.162841126313111,"left_arm_angle":13.194813614556987,"right_arm_angle":19.121426629815407}