{"id":"C7DW","pos":{"angleOfHead":69,"angleOfTorso":60,"angleOfHips":74,"leftArmRaised":18,"rightArmRaised":3,"rightArmOpen":41,"leftArmOpen":22,"rightKneeOpen":25,"leftKneeOpen":34,"rightLegRaised":65,"leftLegRaised":68},"raw":{"nose":{"x":273.0885136823246,"y":367.2762040312652,"confidence":0.9984896779060364},"leftEye":{"x":309.5957341175599,"y":313.3506816463248,"confidence":0.9978933930397034},"rightEye":{"x":244.62343327266234,"y":305.1617787876946,"confidence":0.9984871745109558},"leftEar":{"x":349.5874617164701,"y":330.3777898053715,"confidence":0.8463037014007568},"rightEar":{"x":203.32385912943442,"y":309.51357830359314,"confidence":0.5965579152107239},"leftShoulder":{"x":403.1927623822995,"y":491.89852109678986,"confidence":0.7833903431892395},"rightShoulder":{"x":133.02090893459692,"y":515.5065529077433,"confidence":0.006448950152844191},"leftElbow":{"x":474.34274606667606,"y":581.8178145709205,"confidence":0.005727524869143963},"rightElbow":{"x":138.54969900405825,"y":560.8889055066536,"confidence":0.00300039816647768},"leftWrist":{"x":367.57442014226655,"y":541.7375105920933,"confidence":0.0051527186296880245},"rightWrist":{"x":217.60181471531493,"y":495.6677507333718,"confidence":0.0015711808810010552},"leftHip":{"x":392.05488984223007,"y":555.654296875,"confidence":0.002270863391458988},"rightHip":{"x":186.59081603766415,"y":506.74425058327756,"confidence":0.0032828645780682564},"leftKnee":{"x":441.20569577940705,"y":545.7326558035171,"confidence":0.0012406043242663145},"rightKnee":{"x":205.07702007367917,"y":552.0927464822851,"confidence":0.0018122687470167875},"leftAnkle":{"x":438.17421541139777,"y":551.0459793031448,"confidence":0.000752913998439908},"rightAnkle":{"x":215.7763660000456,"y":505.9345741123541,"confidence":0.0005977794644422829}}}