{"id":"NX7A","pos":{"neutral":0.999992847442627,"happy":1.4176585239056294e-7,"sad":3.314955066002767e-8,"angry":0.000006747231964254752,"fearful":9.51644253850692e-13,"disgusted":1.336701149767805e-8,"surprised":1.0628266977619205e-7}}