{"id":"83UU","pos":{"neutral":0.8618996739387512,"happy":0.0019643548876047134,"sad":0.014568526297807693,"angry":0.00714996038004756,"fearful":0.0018500543665140867,"disgusted":0.00014529188047163188,"surprised":0.11242228001356125}}