{"id":"QSHF","pos":{"angleOfHead":68,"angleOfTorso":61,"angleOfHips":66,"leftArmRaised":40,"rightArmRaised":15,"rightArmOpen":35,"leftArmOpen":40,"rightKneeOpen":91,"leftKneeOpen":98,"rightLegRaised":86,"leftLegRaised":72},"raw":{"nose":{"x":335.16564276431785,"y":249.7348497442698,"confidence":0.999578058719635},"leftEye":{"x":375.493430052286,"y":209.40400238630838,"confidence":0.9996562004089355},"rightEye":{"x":309.50182191128863,"y":202.40399074925523,"confidence":0.9997791647911072},"leftEar":{"x":423.302672864862,"y":231.3842672503876,"confidence":0.9778510928153992},"rightEar":{"x":268.12727160027055,"y":217.17658729404792,"confidence":0.6343175172805786},"leftShoulder":{"x":478.234159677409,"y":380.8514143056907,"confidence":0.9910646677017212},"rightShoulder":{"x":206.50239640172816,"y":400.17256235798044,"confidence":0.9461511373519897},"leftElbow":{"x":570.4487461431481,"y":549.1405110043775,"confidence":0.2661341428756714},"rightElbow":{"x":159.8527801454299,"y":572.3585860552955,"confidence":0.3156369626522064},"leftWrist":{"x":603.8717265444507,"y":487.999267578125,"confidence":0.10941484570503235},"rightWrist":{"x":201.09196377171617,"y":552.9355045422506,"confidence":0.024164341390132904},"leftHip":{"x":451.5019956358676,"y":586.1550107725864,"confidence":0.0073034195229411125},"rightHip":{"x":270.4338910885822,"y":577.327602995045,"confidence":0.009416433051228523},"leftKnee":{"x":536.0590288332928,"y":548.1722672161889,"confidence":0.005621091462671757},"rightKnee":{"x":235.01481379052544,"y":556.5309747183833,"confidence":0.019848201423883438},"leftAnkle":{"x":571.8483974590375,"y":559.0594384456887,"confidence":0.02490331046283245},"rightAnkle":{"x":234.7218076357118,"y":554.491524009853,"confidence":0.010725555941462517}}}