{"id":"KPK3","pos":{"angleOfHead":66,"angleOfTorso":61,"angleOfHips":67,"leftArmRaised":37,"rightArmRaised":16,"rightArmOpen":34,"leftArmOpen":29,"rightKneeOpen":95,"leftKneeOpen":94,"rightLegRaised":88,"leftLegRaised":79},"raw":{"nose":{"x":311.3953521372279,"y":239.39341430070334,"confidence":0.9998561143875122},"leftEye":{"x":347.1090935733068,"y":206.44676594418775,"confidence":0.9997621178627014},"rightEye":{"x":286.2659308882539,"y":203.41242215048942,"confidence":0.9995694756507874},"leftEar":{"x":394.0268977421267,"y":226.62629598773407,"confidence":0.9862165451049805},"rightEar":{"x":250.41236966500486,"y":222.6027551792011,"confidence":0.5824982523918152},"leftShoulder":{"x":466.17069704523345,"y":382.00535043204343,"confidence":0.9779195189476013},"rightShoulder":{"x":198.88227588935584,"y":400.924883593845,"confidence":0.9705467224121094},"leftElbow":{"x":564.8292630562986,"y":552.4066993327456,"confidence":0.22607244551181793},"rightElbow":{"x":156.90040855556146,"y":572.9235234242005,"confidence":0.12936091423034668},"leftWrist":{"x":571.4888671400018,"y":517.4562668707584,"confidence":0.05416971817612648},"rightWrist":{"x":198.62283702954244,"y":550.7397069077548,"confidence":0.010875062085688114},"leftHip":{"x":413.1424140188017,"y":587.8997707738023,"confidence":0.0019690042827278376},"rightHip":{"x":269.20976571999637,"y":575.7303865781554,"confidence":0.0046936990693211555},"leftKnee":{"x":455.6428415023863,"y":553.2997356963992,"confidence":0.0019934317097067833},"rightKnee":{"x":235.25629837689232,"y":553.9761527688587,"confidence":0.013315580785274506},"leftAnkle":{"x":489.8328764800432,"y":557.6094333114328,"confidence":0.003069578669965267},"rightAnkle":{"x":234.72693832931816,"y":551.5382355567547,"confidence":0.005965818651020527}}}