{"id":"VAM6","pos":{"angleOfHead":67,"angleOfTorso":61,"angleOfHips":64,"leftArmRaised":33,"rightArmRaised":40,"rightArmOpen":0,"leftArmOpen":21,"rightKneeOpen":85,"leftKneeOpen":83,"rightLegRaised":90,"leftLegRaised":113},"raw":{"nose":{"x":324.6575345881718,"y":270.02197503115883,"confidence":0.9995238780975342},"leftEye":{"x":366.51810582973616,"y":212.33008833710784,"confidence":0.9994532465934753},"rightEye":{"x":292.80991609922177,"y":207.30950203387192,"confidence":0.9994327425956726},"leftEar":{"x":400.4629807527891,"y":227.91268909023893,"confidence":0.6788646578788757},"rightEar":{"x":241.09486947263724,"y":197.86149548185477,"confidence":0.811136782169342},"leftShoulder":{"x":461.3189709140169,"y":448.39050411714186,"confidence":0.9061702489852905},"rightShoulder":{"x":179.60658448215588,"y":470.3821352947547,"confidence":0.9725822806358337},"leftElbow":{"x":496.7940987316087,"y":579.6134527184156,"confidence":0.007882614620029926},"rightElbow":{"x":142.63796082730423,"y":577.7741285984619,"confidence":0.0526919923722744},"leftWrist":{"x":471.332721042262,"y":554.0158938990493,"confidence":0.0011120797134935856},"rightWrist":{"x":150.4453512110135,"y":555.1251731308517,"confidence":0.0027192963752895594},"leftHip":{"x":359.53966652836783,"y":563.5930226841789,"confidence":0.000794100749772042},"rightHip":{"x":252.08824306146644,"y":563.6206547481077,"confidence":0.0014384117675945163},"leftKnee":{"x":367.45668047596973,"y":547.9213824439141,"confidence":0.0003922731848433614},"rightKnee":{"x":280.18177715256985,"y":549.8297582247842,"confidence":0.0012676402693614364},"leftAnkle":{"x":341.33905076795054,"y":511.1346382111427,"confidence":0.0004746187187265605},"rightAnkle":{"x":280.75247560493676,"y":541.6896217435251,"confidence":0.0006831164355389774}}}