{"id":"L4G5","pos":{"angleOfHead":67,"angleOfTorso":59,"angleOfHips":69,"leftArmRaised":63,"rightArmRaised":37,"rightArmOpen":0,"leftArmOpen":1,"rightKneeOpen":85,"leftKneeOpen":23,"rightLegRaised":16,"leftLegRaised":57},"raw":{"nose":{"x":295.0810681913796,"y":363.10277273315666,"confidence":0.9177921414375305},"leftEye":{"x":337.472226624368,"y":294.1413870471263,"confidence":0.9973123073577881},"rightEye":{"x":250.82698234572976,"y":288.1243795353999,"confidence":0.9983732104301453},"leftEar":{"x":382.78560556631106,"y":319.495904357345,"confidence":0.9705613255500793},"rightEar":{"x":204.98089825665508,"y":301.44910295571964,"confidence":0.2781018912792206},"leftShoulder":{"x":453.6822771514833,"y":523.6584258497807,"confidence":0.16655632853507996},"rightShoulder":{"x":150.46451085259807,"y":561.2433411596346,"confidence":0.00493331765756011},"leftElbow":{"x":503.7064580192343,"y":551.1330742492081,"confidence":0.0032533430494368076},"rightElbow":{"x":137.24208333571286,"y":559.2777780900922,"confidence":0.00685154041275382},"leftWrist":{"x":443.0249951457419,"y":519.4752750805711,"confidence":0.0036955552641302347},"rightWrist":{"x":159.05680992914685,"y":562.666786892837,"confidence":0.0032728691585361958},"leftHip":{"x":441.9184444196972,"y":553.3064272993954,"confidence":0.007279903627932072},"rightHip":{"x":192.8334577831841,"y":521.562407198008,"confidence":0.004796366207301617},"leftKnee":{"x":470.8772917332937,"y":548.1362897192525,"confidence":0.0030225436203181744},"rightKnee":{"x":174.5173630147417,"y":549.5567366393685,"confidence":0.010961721651256084},"leftAnkle":{"x":462.12721320853126,"y":556.342095120376,"confidence":0.005778796970844269},"rightAnkle":{"x":178.29710530955887,"y":557.0573953253019,"confidence":0.0057110111229121685}}}