{"id":"MMM7","pos":{"angleOfHead":64,"angleOfTorso":61,"angleOfHips":68,"leftArmRaised":22,"rightArmRaised":32,"rightArmOpen":26,"leftArmOpen":25,"rightKneeOpen":112,"leftKneeOpen":83,"rightLegRaised":108,"leftLegRaised":119},"raw":{"nose":{"x":296.5095894067668,"y":246.1355982680265,"confidence":0.9997856020927429},"leftEye":{"x":342.6040186306846,"y":188.50868789138497,"confidence":0.9989584684371948},"rightEye":{"x":264.0871004928411,"y":187.83063124126033,"confidence":0.9997265934944153},"leftEar":{"x":380.32407055569064,"y":213.5266885126611,"confidence":0.8652962446212769},"rightEar":{"x":215.25669439293532,"y":198.89680656477634,"confidence":0.78668212890625},"leftShoulder":{"x":455.86081894455253,"y":434.70018676282837,"confidence":0.9939111471176147},"rightShoulder":{"x":185.58655616374332,"y":457.67431474381385,"confidence":0.933295488357544},"leftElbow":{"x":523.7121920455754,"y":585.0543616625122,"confidence":0.032125458121299744},"rightElbow":{"x":154.48087462191452,"y":581.0033134727627,"confidence":0.05729639157652855},"leftWrist":{"x":474.9836211445731,"y":556.888863827004,"confidence":0.0013997392961755395},"rightWrist":{"x":186.03440696627248,"y":555.0656383232384,"confidence":0.001214797142893076},"leftHip":{"x":401.26894375693473,"y":569.5471797007995,"confidence":0.0012390981428325176},"rightHip":{"x":287.52089444765323,"y":557.912147425492,"confidence":0.0018602123018354177},"leftKnee":{"x":410.89998594053986,"y":537.8315859545994,"confidence":0.0006242021336220205},"rightKnee":{"x":288.63310758241886,"y":550.7426915743936,"confidence":0.001061044167727232},"leftAnkle":{"x":390.2207168994711,"y":517.1571193131027,"confidence":0.0003140054177492857},"rightAnkle":{"x":312.52104050454466,"y":509.0618991480727,"confidence":0.0009139944449998438}}}