{"id":"ENB4","pos":{"neutral":0.999372661113739,"happy":0.00014367616677191108,"sad":0.0000301525851682527,"angry":0.00004025691669085063,"fearful":8.770508088673523e-7,"disgusted":0.000005237562163529219,"surprised":0.00040703409467823803}}