{"id":"5XGR","pos":{"angleOfHead":67,"angleOfTorso":65,"angleOfHips":66,"leftArmRaised":22,"rightArmRaised":12,"rightArmOpen":62,"leftArmOpen":65,"rightKneeOpen":101,"leftKneeOpen":54,"rightLegRaised":27,"leftLegRaised":4},"raw":{"nose":{"x":308.9441636378663,"y":400.6487763994863,"confidence":0.9391500353813171},"leftEye":{"x":377.33360438959147,"y":320.83304082373235,"confidence":0.9930671453475952},"rightEye":{"x":277.85539515751344,"y":313.3091082739923,"confidence":0.9946386218070984},"leftEar":{"x":438.98020911309504,"y":347.3849119193823,"confidence":0.41925540566444397},"rightEar":{"x":209.10817246492735,"y":319.5898401134209,"confidence":0.22786471247673035},"leftShoulder":{"x":473.6251620281531,"y":551.9990972971638,"confidence":0.0012721925741061568},"rightShoulder":{"x":151.4380452790613,"y":541.8516510840984,"confidence":0.007047322113066912},"leftElbow":{"x":480.52907357419974,"y":550.3325388867568,"confidence":0.0018912357045337558},"rightElbow":{"x":160.9947465829812,"y":551.2647339342169,"confidence":0.00214240956120193},"leftWrist":{"x":473.38694264452744,"y":515.4044903113221,"confidence":0.001317297457717359},"rightWrist":{"x":199.79244840748115,"y":509.595110703999,"confidence":0.008211052045226097},"leftHip":{"x":436.53059592042916,"y":493.1716337092656,"confidence":0.002028427319601178},"rightHip":{"x":199.42849381888422,"y":482.12366245136184,"confidence":0.004158555064350367},"leftKnee":{"x":432.6689248882843,"y":555.967233709788,"confidence":0.005934437736868858},"rightKnee":{"x":217.74007953094602,"y":496.2246810972458,"confidence":0.0023839997593313456},"leftAnkle":{"x":430.57925035053654,"y":555.3350951792202,"confidence":0.0014515742659568787},"rightAnkle":{"x":221.9464740678958,"y":511.36530182241006,"confidence":0.004957724828273058}}}