{"pos":{"angleOfHead":68,"angleOfTorso":61,"angleOfHips":67,"leftArmRaised":26,"rightArmRaised":23,"rightArmOpen":36,"leftArmOpen":24,"rightKneeOpen":3,"leftKneeOpen":23,"rightLegRaised":89,"leftLegRaised":81},"raw":{"nose":{"x":337.48987101395306,"y":243.38862259564235,"confidence":0.9998461604118347},"leftEye":{"x":375.9350538439324,"y":209.0426433874939,"confidence":0.9997565150260925},"rightEye":{"x":310.8679252654198,"y":202.60397469487174,"confidence":0.9998084902763367},"leftEar":{"x":423.5441167809156,"y":230.7468595393437,"confidence":0.9849729537963867},"rightEar":{"x":273.14876630612383,"y":219.1834897289944,"confidence":0.7489308714866638},"leftShoulder":{"x":474.58469524457763,"y":383.9069897840923,"confidence":0.9891026020050049},"rightShoulder":{"x":210.409207473933,"y":402.76174641768756,"confidence":0.9471657872200012},"leftElbow":{"x":557.9797578136281,"y":546.0624249528818,"confidence":0.386595755815506},"rightElbow":{"x":151.40122825533498,"y":570.064883695966,"confidence":0.1820763647556305},"leftWrist":{"x":533.513535080253,"y":532.4065307142206,"confidence":0.02942168526351452},"rightWrist":{"x":199.73500633981905,"y":553.2744788381376,"confidence":0.014269072562456131},"leftHip":{"x":418.1047087791829,"y":594.4085242126703,"confidence":0.0023810553830116987},"rightHip":{"x":309.743918333536,"y":585.9711049595695,"confidence":0.00403859606012702},"leftKnee":{"x":489.4899135248207,"y":555.3538689817436,"confidence":0.002708727726712823},"rightKnee":{"x":269.7806563915446,"y":556.878674058135,"confidence":0.008846047334372997},"leftAnkle":{"x":484.34932129856213,"y":564.6283974257889,"confidence":0.0019597639329731464},"rightAnkle":{"x":271.34629127116517,"y":558.1738017041396,"confidence":0.004503974691033363}}}