{"id":"R73B","pos":{"angleOfHead":67,"angleOfTorso":59,"angleOfHips":66,"leftArmRaised":50,"rightArmRaised":65,"rightArmOpen":6,"leftArmOpen":4,"rightKneeOpen":7,"leftKneeOpen":77,"rightLegRaised":58,"leftLegRaised":91},"raw":{"nose":{"x":324.9583613176754,"y":331.8788200408104,"confidence":0.9988528490066528},"leftEye":{"x":366.4858052888269,"y":278.11927676664715,"confidence":0.9994063377380371},"rightEye":{"x":290.71603975407345,"y":272.13512316752036,"confidence":0.9997351765632629},"leftEar":{"x":397.8784135900119,"y":292.95216363691634,"confidence":0.7816213369369507},"rightEar":{"x":239.9542893881,"y":269.8489575812789,"confidence":0.75235515832901},"leftShoulder":{"x":473.47258215284535,"y":495.44774868145066,"confidence":0.9624727964401245},"rightShoulder":{"x":165.7690269381156,"y":530.3265582726623,"confidence":0.3273675739765167},"leftElbow":{"x":537.1446412082776,"y":600.3655507128526,"confidence":0.015760015696287155},"rightElbow":{"x":146.71097098621414,"y":568.2413966553685,"confidence":0.012206538580358028},"leftWrist":{"x":499.1659902134758,"y":550.2047658244924,"confidence":0.005009802524000406},"rightWrist":{"x":157.4121889344449,"y":552.6958026218043,"confidence":0.0035838154144585133},"leftHip":{"x":404.2301869670705,"y":561.9484571167467,"confidence":0.000801414018496871},"rightHip":{"x":237.92217121050052,"y":553.536045653347,"confidence":0.003365576732903719},"leftKnee":{"x":452.76594941254257,"y":497.3227605559947,"confidence":0.0010260791750624776},"rightKnee":{"x":221.34938280870014,"y":518.0986607399432,"confidence":0.0011740113841369748},"leftAnkle":{"x":474.908705833821,"y":504.3000787519759,"confidence":0.0005471734330058098},"rightAnkle":{"x":231.225042083384,"y":554.3693661225909,"confidence":0.0014968675095587969}}}